{
    "benchmark_1": {
        "TN Rate": 0.49477461417725427,
        "FP Rate": 0.5052253858227448,
        "TP Rate": 0.7031792125507801,
        "FN Rate": 0.2968207874490314,
        "Accuracy": 0.49585912771930263,
        "Precision": 0.007228096441038113,
        "Recall": 0.7031792125507801,
        "Specificity": 0.49477461417725427,
        "F1 Score": 0.0143091069806639,
        "IoU Lane": 0.007206110091877841,
        "IoU Background": 0.49400756798824247,
        "Mean IoU": 0.25060683904006015,
        "Pixel Accuracy": 0.4958591277193022,
        "Mean Pixel Accuracy": 0.25060683904006015,
        "Frequency-Weighted IoU": 0.4914743092334102,
        "Dice Coefficient": 0.014309107182085097,
        "Boundary F1 Score": 0.014309107182085097
    }
}