{
    "benchmark_1": {
        "TN Rate": 0.4996707377604797,
        "FP Rate": 0.5003292622395193,
        "TP Rate": 0.6580366571125627,
        "FN Rate": 0.34196334288724883,
        "Accuracy": 0.5004948557764771,
        "Precision": 0.006832978829846732,
        "Recall": 0.6580366571125627,
        "Specificity": 0.4996707377604797,
        "F1 Score": 0.013525510074805625,
        "IoU Lane": 0.006808801395748665,
        "IoU Background": 0.49877849942363794,
        "Mean IoU": 0.2527936504096933,
        "Pixel Accuracy": 0.5004948557764767,
        "Mean Pixel Accuracy": 0.2527936504096933,
        "Frequency-Weighted IoU": 0.49621834574203855,
        "Dice Coefficient": 0.01352551027823666,
        "Boundary F1 Score": 0.01352551027823666
    }
}