{
    "benchmark_1": {
        "TN Rate": 0.4987896801441253,
        "FP Rate": 0.5012103198558738,
        "TP Rate": 0.7426270930757387,
        "FN Rate": 0.2573729069240728,
        "Accuracy": 0.5000585819747287,
        "Precision": 0.007691149465849527,
        "Recall": 0.7426270930757387,
        "Specificity": 0.4987896801441253,
        "F1 Score": 0.015224622221004205,
        "IoU Lane": 0.007670702990333454,
        "IoU Background": 0.4981190399612268,
        "Mean IoU": 0.2528948714757801,
        "Pixel Accuracy": 0.5000585819747282,
        "Mean Pixel Accuracy": 0.2528948714757801,
        "Frequency-Weighted IoU": 0.4955668032674556,
        "Dice Coefficient": 0.0152246224239131,
        "Boundary F1 Score": 0.0152246224239131
    }
}