{
    "benchmark_1": {
        "TN Rate": 0.5032028594719016,
        "FP Rate": 0.49679714052809754,
        "TP Rate": 0.8131505506107986,
        "FN Rate": 0.1868494493890129,
        "Accuracy": 0.504815791580838,
        "Precision": 0.008489513168559235,
        "Recall": 0.8131505506107986,
        "Specificity": 0.5032028594719016,
        "F1 Score": 0.016803592053825155,
        "IoU Lane": 0.008472984416844959,
        "IoU Background": 0.5027114944482626,
        "Mean IoU": 0.25559223943255377,
        "Pixel Accuracy": 0.5048157915808376,
        "Mean Pixel Accuracy": 0.25559223943255377,
        "Frequency-Weighted IoU": 0.5001395341301427,
        "Dice Coefficient": 0.016803592258338003,
        "Boundary F1 Score": 0.016803592258338003
    }
}