{
    "benchmark_1": {
        "TN Rate": 0.502406928671816,
        "FP Rate": 0.49759307132818303,
        "TP Rate": 0.7833006486648093,
        "FN Rate": 0.21669935133500215,
        "Accuracy": 0.5038686672590936,
        "Precision": 0.008167443202943252,
        "Recall": 0.7833006486648093,
        "Specificity": 0.502406928671816,
        "F1 Score": 0.016166320648175445,
        "IoU Lane": 0.0081490303458198,
        "IoU Background": 0.5018380563482747,
        "Mean IoU": 0.25499354334704727,
        "Pixel Accuracy": 0.5038686672590932,
        "Mean Pixel Accuracy": 0.25499354334704727,
        "Frequency-Weighted IoU": 0.4992689554817946,
        "Dice Coefficient": 0.016166320852432865,
        "Boundary F1 Score": 0.016166320852432865
    }
}