{
    "benchmark_1": {
        "TN Rate": 0.49244866941755455,
        "FP Rate": 0.5075513305824445,
        "TP Rate": 0.5696183436414676,
        "FN Rate": 0.43038165635834397,
        "Accuracy": 0.492850251519795,
        "Precision": 0.00583653903745794,
        "Recall": 0.5696183436414676,
        "Specificity": 0.49244866941755455,
        "F1 Score": 0.011554683925402,
        "IoU Lane": 0.005810913699236729,
        "IoU Background": 0.49134247448979546,
        "Mean IoU": 0.2485766940945161,
        "Pixel Accuracy": 0.49285025151979456,
        "Mean Pixel Accuracy": 0.2485766940945161,
        "Frequency-Weighted IoU": 0.48881582413333347,
        "Dice Coefficient": 0.011554684126194203,
        "Boundary F1 Score": 0.011554684126194203
    }
}