{
    "benchmark_1": {
        "TN Rate": 0.375601608867235,
        "FP Rate": 0.6243983911327641,
        "TP Rate": 0.7655377885049093,
        "FN Rate": 0.23446221149490226,
        "Accuracy": 0.37763079186344456,
        "Precision": 0.0063726781353315755,
        "Recall": 0.7655377885049093,
        "Specificity": 0.375601608867235,
        "F1 Score": 0.012640133990172605,
        "IoU Lane": 0.006360264374435606,
        "IoU Background": 0.37514149897785737,
        "Mean IoU": 0.19075088167614648,
        "Pixel Accuracy": 0.37763079186344417,
        "Mean Pixel Accuracy": 0.19075088167614648,
        "Frequency-Weighted IoU": 0.3732224038806199,
        "Dice Coefficient": 0.012640134153923923,
        "Boundary F1 Score": 0.012640134153923923
    }
}