{
    "benchmark_1": {
        "TN Rate": 0.5105357011806089,
        "FP Rate": 0.48946429881939024,
        "TP Rate": 0.5253620455573003,
        "FN Rate": 0.4746379544425112,
        "Accuracy": 0.510612855770197,
        "Precision": 0.005583411490272455,
        "Recall": 0.5253620455573003,
        "Specificity": 0.5105357011806089,
        "F1 Score": 0.011049392691979971,
        "IoU Lane": 0.005555388283975024,
        "IoU Background": 0.5092712408271304,
        "Mean IoU": 0.2574133145555527,
        "Pixel Accuracy": 0.5106128557701964,
        "Mean Pixel Accuracy": 0.2574133145555527,
        "Frequency-Weighted IoU": 0.5066499615094452,
        "Dice Coefficient": 0.011049392900087862,
        "Boundary F1 Score": 0.011049392900087862
    }
}