{
    "benchmark_1": {
        "TN Rate": 0.49153792098810983,
        "FP Rate": 0.5084620790118892,
        "TP Rate": 0.7232048574444254,
        "FN Rate": 0.27679514255538606,
        "Accuracy": 0.49274348905998794,
        "Precision": 0.007385450702554632,
        "Recall": 0.7232048574444254,
        "Specificity": 0.49153792098810983,
        "F1 Score": 0.014621583916006162,
        "IoU Lane": 0.007364633361157358,
        "IoU Background": 0.4908272301537696,
        "Mean IoU": 0.24909593175746347,
        "Pixel Accuracy": 0.4927434890599875,
        "Mean Pixel Accuracy": 0.24909593175746347,
        "Frequency-Weighted IoU": 0.48831134644781,
        "Dice Coefficient": 0.014621584116140023,
        "Boundary F1 Score": 0.014621584116140023
    }
}