{
    "benchmark_1": {
        "TN Rate": 0.5189134339735543,
        "FP Rate": 0.4810865660264454,
        "TP Rate": 0.48929696720329924,
        "FN Rate": 0.5107030327965925,
        "Accuracy": 0.5188257910931655,
        "Precision": 0.003009613714514661,
        "Recall": 0.48929696720329924,
        "Specificity": 0.5189134339735543,
        "F1 Score": 0.005982430014678865,
        "IoU Lane": 0.003000189279478551,
        "IoU Background": 0.518128060835799,
        "Mean IoU": 0.26056412505763876,
        "Pixel Accuracy": 0.5188257910931654,
        "Mean Pixel Accuracy": 0.26056412505763876,
        "Frequency-Weighted IoU": 0.5166036625751257,
        "Dice Coefficient": 0.0059824301361972535,
        "Boundary F1 Score": 0.0059824301361972535
    }
}