{
    "benchmark_1": {
        "TN Rate": 0.4902146576738023,
        "FP Rate": 0.5097853423261968,
        "TP Rate": 0.5440300196106985,
        "FN Rate": 0.455969980389113,
        "Accuracy": 0.4904947066230406,
        "Precision": 0.005551513663466003,
        "Recall": 0.5440300196106985,
        "Specificity": 0.4902146576738023,
        "F1 Score": 0.01099087159736664,
        "IoU Lane": 0.00552580259261287,
        "IoU Background": 0.48904816641847026,
        "Mean IoU": 0.24728698450554157,
        "Pixel Accuracy": 0.4904947066230401,
        "Mean Pixel Accuracy": 0.24728698450554157,
        "Frequency-Weighted IoU": 0.48653197169174905,
        "Dice Coefficient": 0.010990871797352851,
        "Boundary F1 Score": 0.010990871797352851
    }
}